Aalborg,AAL
Aarhus,AAR
Aasiaat,JEG
Abadan,ABD
Abakan,ABA
Abbotsford,YXX
Abeche,AEH
Aberdeen,ABR
Aberdeen,ABZ
Abha,AHB
Abidjan,ABJ
Abilene,ABI
Ablow,MTV
Abrahams Bay,MYG
Abu Dhabi,AUH
Abu Musa,AEU
Abu Simbel,ABS
Abuja,ABV
Acapulco,ACA
Acarigua,AGV
Accra,ACC
Ad Dammam,DMM
Adak,ADK
Adampur,AIP
Addis Ababa,ADD
Adelaide,ADL
Aden,ADE
Adıyaman,ADF
Adrar,AZR
Agadez,AJY
Agadir (Temsia),AGA
Agartala,IXA
Agatti,AGX
Agen/La Garenne,AGF
Agra,AGR
Ağrı,AJI
Aguadilla,BQN
Aguascalientes,AGU
Aguni,AGJ
Ahe Atoll,AHE
Ahmedabad,AMD
Ahvaz,AWZ
Ailinglapalap Atoll,JEJ
Ailuk Island,AIM
Aitape,ATP
Aitape,TAJ
Aitutaki,AIT
Aizawl (Lengpui),AJL
Ajaccio/Napoléon Bonaparte,AJA
Ajmer (Kishangarh),KQH
Akiachak,KKI
Akita,AXT
Aklavik,LAK
Akron,CAK
Aksu (Onsu),AKU
Aktau,SCO
Aktobe,AKX
Akulivik,AKV
Akure,AKR
Akureyri,AEY
Akutan,KQA
Al Ain,AAN
Al Aqiq,ABT
Al Bayda',LAQ
Al Ghaydah,AAY
Al Hoceima,AHU
Al Wajh,EJH
Al-Jawf,AJF
Al-Ubayyid,EBD
"Alajero, La Gomera Island",GMZ
Alamosa,ALS
Alava,VIT
Albany,ABY
Albany,ALB
Albany,ALH
Albion Park Rail,WOL
Albrook,PAC
Albuquerque,ABQ
Albury,ABX
Aleknagik,WKK
Aleppo,ALP
Ålesund,AES
Alexandria,AEX
Alexandria,HBE
Alexandroupolis,AXD
Alghero,AHO
Algiers,ALG
Alicante,ALC
Alice Springs,ASP
Allahabad,IXD
Allentown,ABE
Alma,YTF
Almaty,ALA
Almeirim,GGF
Almeirim,MEU
Almería,LEI
Alofi,IUE
Alor Island,ARD
Alor Satar,AOR
Alpena,APN
Alstahaug,SSJ
Alta,ALF
Alta Floresta,AFL
Altai,LTI
Altamira,ATM
Altay,AAT
Altenrhein,ACH
Altıntaş,KZR
Altoona,AOO
Amagi,TKN
Amakusa,AXJ
Amami,ASJ
Amarillo,AMA
Amasya,MZH
Ambatondrazaka,WAM
Ambon,AMQ
Amboseli National Park,ASV
Ambrym Island,ULB
Amderma,AMV
Amman,ADJ
Amman,AMM
Amook Bay,AOS
Amritsar,ATQ
Amsterdam,AMS
Anaa,AAA
Anadyr,DYR
Anahim Lake,YAA
Analalava,HVA
Anatom Island,AUY
Anchorage,ANC
Ancona,AOI
Andahuaylas,ANS
Andenes,ANX
Andizhan,AZN
Andros,TZN
Andros Island,SAQ
"Angaha, Niuafo'ou Island",NFO
Ängelholm,AGH
Angelsey,VLY
Angers/Marcé,ANE
Angling Lake,YAX
Angoon,AGN
Aniak,ANI
Aniwa,AWD
Ankang,AKA
Ankara,ESB
Ankavandra,JVA
Annaba,AAE
Annecy/Meythet,NCY
Anqing,AQG
Anshan,AOG
Antakya,HTY
Antalya,AYT
Antananarivo,TNR
Antisiranana,DIE
Antofagasta,ANF
Antsalova,WAQ
Antsirabe,ANM
Antsohihy,WAI
Antwerp,ANR
Anua,BNY
Anvik,ANV
Aomori,AOJ
Apataki,APK
Apia,APW
Aqaba,AQJ
Aracaju,AJU
Araçatuba,ARU
Arad,ARW
Araguaína,AUX
Arar,RAE
Araraquara,AQA
Arauca,AUC
Araxá,AAX
Arbil,EBL
Arcata/Eureka,ACV
Archangelsk,ARH
Arctic Bay,YAB
Arctic Village,ARC
Ardabil,ADU
Arequipa,AQP
Argos Orestiko,KSO
Arica,ARI
Armenia,AXM
Armidale,ARM
"Arnavutköy, Istanbul",IST
Årø,MOL
Arthur's Town,ATC
Artyom,VVO
Arua,RUA
Arusha,ARK
Arusha,JRO
Arvaikheer,AVK
Arviat,YEK
Arvidsjaur,AJR
Arxan,YIE
Asab,ASA
Asahikawa,AKJ
Asalouyeh,PGU
Asau,AAU
Asheville,AVL
Ashgabat,ASB
Asmara,ASM
Asosa,ASO
Aspen,ASE
Astrakhan,ASF
Astypalaia Island,JTY
Asunción,ASU
Aswan,ASW
Asyut,ATZ
Atambua,ABU
Atbara,ATB
Athens,AHN
Athens,ATH
Atiu Island,AIU
Atlanta,ATL
Atlantic City,ACY
Atmautluak,ATT
Atoifi,ATD
Attawapiskat,YAT
Attu,QGQ
Atyrau,GUW
Auckland,AKL
Augusta,AGS
Augusta,AUG
Auki,AKS
Aupaluk,YPJ
Aur Atoll,AUL
Aurangabad,IXU
Aurillac,AUR
Aurora,LDO
Aurukun,AUU
Austin,AUS
Avarua,RAR
Avignon/Caumont,AVN
Awaba,AWB
Ayacucho,AYP
Ayers Rock,AYQ
Baa Atoll,DRV
Babelthuap Island,ROR
Babimost,IEG
Bacău,BCM
Bacolod City,BCD
Badajoz,BJZ
Badanjilin,RHT
Baden-Baden,FKB
Baghdad,BGW
Bagotville,YBG
Baguio City,BAG
Bahawalpur,BHV
Bahia Blanca,BHI
Bahia Piña,BFQ
Bahía Solano,BSC
Bahir Dar,BJR
Baia Mare,BAY
Baie-Comeau,YBC
Baimuru,VMU
Baise (Tianyang),AEB
Baishan,NBS
Bakalalan,BKM
Baker Lake,YBK
Bakersfield,BFL
"Bakırköy, Istanbul",ISL
Baku,GYD
Balakovo,BWO
Bâle/Mulhouse,BSL
Balemartine,TRE
Baler,BQA
Balimo,OPU
Balivanich,BEB
Balkanabat,BKN
Ballalae,BAS
Ballina,BNK
Balmaceda,BBA
Baltimore,BWI
Bam,BXR
Bamaga,ABM
Bamako,BKO
Bamburi,BMQ
Banana,CXI
Banda Aceh,BTJ
Banda-Naira Island,NDA
Bandar Abbas,BND
Bandar Lampung-Sumatra Island,TKG
Bandar Lengeh,BDH
Bandar Seri Begawan,BWN
Bandar-e-Jask,JSK
Bandara Kuala Namu,KNO
Bandundu,FDU
Bandung-Java Island,BDO
Bangalore,BLR
Bangda,BPX
Bangkok,BKK
Bangkok,DMK
Bangor,BGR
Bangui,BGF
Banja Luka,BNX
Banjarmasin-Borneo Island,BDJ
Banjul,BJL
Banmaw,BMO
Bannu,BNP
Banyuwangi,BWX
Baoshan,BSD
Baotou,BAV
Bar Harbor,BHB
Baracoa,BCA
Barahona,BRX
Barcaldine,BCI
Barcelona,BCN
Barcelona,BLA
Barcelos,BAZ
Bari,BRI
Barinas,BNS
Bario,BBN
Barisal,BZL
Barnaul,BAX
Barquisimeto,BRM
Barrancabermeja,EJA
Barranquilla,BAQ
Basankusu,BSU
Basco,BSO
Basra,BSR
Basse-Terre,BBR
Basseterre,SKB
Bastia/Poretta,BIA
Bata,BSG
Batagay,BQJ
Batagay-Alyta,SUK
Batam Island,BTH
Bathurst,BHS
Bathurst,ZBF
Batman,BAL
Batna,BLJ
Baton Rouge,BTR
Båtsfjord,BJF
Battambang,BBM
Batticaloa,BTC
Batumi,BUS
Bauchi,BCU
Bauru,JTC
Bavannur,RLK
Bawean,BXW
Bayamo,BYM
Bayanhot,AXF
Bayankhongor,BYN
Bazhong,BZX
Bearskin Lake,XBE
Beatrice,BIE
Beaumont/Port Arthur,BPT
Beauvais,BVA
Béchar,CBH
Beckley,BKW
Bedwell Harbour,YBW
Beica,BEI
Beihai (Yinhai),BHY
Beijing,PEK
Beijing,PKX
Beira,BEW
Beirut,BEY
Béjaïa,BJA
Belaga,BLG
Beledweyne,BLW
Belém,BEL
Belfast,BFS
Belfast,BHD
Belgaum,IXG
Belgorod,EGO
Belgrade,BEG
Belize City,BZE
Belize City,TZA
Bella Bella,ZEL
Bella Coola,QBC
Belleville,BLV
Bellingham,BLI
Belmopan,BCV
Belo Horizonte,CNF
Belo sur Tsiribihina,BMD
Benghazi,BEN
Bengkulu,BKS
Benguera Island,BCW
Beni Mellal,BEM
Benin,BNI
Benteng,KSR
Bentota,BJT
Berbera,BBO
Berens River,YBV
Bergen,BGO
Bergerac/Roumanière,EGC
Berlevåg,BVG
Berlin,BER
Bern,BRN
Besalampy,BPY
Beslan,OGZ
Bethel,BET
Béziers/Vias,BZR
Bhadrapur,BDP
Bharatpur,BHR
Bhavnagar,BHU
Bhopal,BHO
Bhubaneswar,BBI
Bhuj,BHJ
Biak-Supiori Island,BIK
Biarritz/Anglet/Bayonne,BIQ
Big Creek,BGK
Big Trout Lake,YTL
Bigatyelang Island,AIC
Bijie,BFJ
Bikini Atoll,BII
Bila,AFT
Bilaspur,PAB
Bilbao,BIO
Billings,BIL
Billund,BLL
Biloela,THG
Bima-Sumbawa Island,BMU
Bimini,NSB
Binghamton,BGM
Bingöl,BGG
Bintulu,BTU
Biratnagar,BIR
Birch Creek,KBC
Birjand,XBJ
Birmingham,BHM
Birmingham,BHX
Bishkek,FRU
Biskra,BSK
Bismarck,BIS
Bissau,OXB
Blackall,BKQ
Blackpool,BLK
Blagoveschensk,BQS
Blantyre,BLZ
Blenheim,BHE
Block Island,BID
Bloemfontain,BFN
Bloomington/Normal,BMI
Bluefield,BLF
Bluefileds,BEF
Bo,KBS
Boa Vista,BVB
Bobo Dioulasso,BOY
Boca de Sábalo,SAX
Bodaybo,ODO
Bodø,BOO
Bodrum,BJV
Bogorodskoye,BQG
Bogota,BOG
Boise,BOI
Bojnord,BJB
Bokondini,BUI
Bol,BWK
Bole,BPL
Bologna,BLQ
Bolzano,BZO
Boma,BOA
Bonito,BYO
Bonnyville,YBY
Bontang-Borneo Island,BXT
Bonthe,BTE
Bordeaux/Mérignac,BOD
Bordj Badji Mokhtar,BMW
Borkum,BMK
Borlange,BLE
Bosaso,BSA
Boscobel,OCJ
Bosset,BOT
Boston,BOS
Botopasi,BTO
Bouaké,BYK
Bournemouth,BOH
Bovanenkovo,BVJ
Bozeman,BZN
Bradford,BFD
Bragança,BGC
Brainerd,BRD
Brandon,YBR
Branson,BKG
Brasília,BSB
Bratislava,BTS
Bratsk,BTK
Brazzaville,BZV
Bremen,BRE
Brest,BQT
Brest/Guipavas,BES
Bridgeport,BDR
Bridgetown,BGI
Brindisi,BDS
Brisbane,BNE
Bristol,BRS
Bristol/Johnson/Kingsport,TRI
Brive la Gaillarde,BVE
Brno,BRQ
Brochet,YBT
Broken Hill,BHQ
Brønnøy,BNN
Broome,BME
Brownsville,BRO
Brunswick,BQK
Brussels,BRU
Brussels,CRL
Bryansk,BZK
Buariki,AAK
Bucaramanga,BGA
Bucharest,OTP
Budapest,BUD
Buenaventura,BUN
Buenos Aires,AEP
Buenos Aires (Ezeiza),EZE
Buffalo,BUF
Bugulma,UUA
Bujumbura,BJM
Buka Island,BUA
Bukhara,BHK
Bukoba,BKZ
Bulawayo,BUQ
Bulgan,UGA
Bundaberg,BDB
Buol-Celebes Island,UOL
Buon Ma Thuot,BMV
Burbank,BUR
Bureta,LEV
Burgas,BOJ
Burgos,RGS
Burlington,BRL
Burnie,BWT
Burnt Pine,NLK
Burqin,KJI
Bursa,YEI
Busan,PUS
Bushehr,BUZ
Büsum,HEI
Butaritari,BBG
Butte,BTM
Butuan,BXU
Bydgoszcz,BZG
Ca Mau City,CAH
Cabinda,CAB
Cabo Frio,CFB
Caçador,CFC
Cacoal,OAL
Caen/Carpiquet,CFR
Cagayan de Oro,CGY
Cagliari,CAG
Cairns,CNS
Cairo,CAI
Cairu,MXQ
Cajamarca,CJA
Calabar,CBQ
Calama,CJC
Calbayog City,CYP
Caldas Novas,CLV
Calgary,YYC
Cali,CLO
Calicut,CCJ
Calvi/Sainte-Catherine,CLY
Cam Ranh,CXR
Camaguey,CMW
Cambridge Bay,YCB
Campbell River,YBL
Campbeltown,CAL
Campeche,CPE
Campina Grande,CPV
Campinas,VCP
Campo Grande,CGR
Campos Dos Goytacazes,CAW
Can Tho,VCA
Canaima,CAJ
Çanakkale,CKZ
Canberra,CBR
Cancún,CUN
Canefield,DCF
Cangyuan Va Autonomous County,CWJ
Cannes,CEQ
Cannes,JCA
Canouan,CIW
Cap Haitien,CAP
Cap Skirring,CSK
Cape Girardeau,CGI
Cape Town,CPT
Caracas,CCS
Carcassonne/Salvaza,CCF
Cardiff,CWL
Carepa,APO
Carlsbad,CNM
Carnarvon,CVQ
Carriacou Island,CRU
Carrillo,PLD
Cartagena,CTG
Cartago,CRC
Cartwright,YRF
Caruaru,CAU
Carúpano,CUP
Casablanca,CMN
Cascais,CAT
Cascavel,CAC
Casper,CPR
Castellón de la Plana,CDT
Castlegar,YCG
Castletown,IOM
Castres/Mazamet,DCM
Castries,SLU
Cat Hill,ASI
Cat Island,TBI
Cat Lake,YAC
Catamarca,CTC
Catania,CTA
Catarman,CRM
Catumbela,CBT
Cauayan City,CYZ
Caxias Do Sul,CXJ
Caye Caulker,CUK
Caye Chapel,CYC
Cayman Brac,CYB
Cayo Coco,CCC
Cayo Largo del Sur,CYO
Cedar City,CDC
Cedar Rapids,CID
Ceiba,NRR
Celaya,CYW
"Central and Western, Hong Kong Island",HHP
Ceuta,JCU
Chabahar,ZBR
Chaghcharan,CCN
Chambéry/Aix-les-Bains,CMF
Chandigarh,IXC
Changchun,CGQ
Changde,CGD
Changsha,CSX
Changuinola,CHX
Changzhi,CIH
Changzhou,CZX
Chapecó,XAP
Chapelco/San Martin de los Andes,CPC
Charleston,CHS
Charleston,CRW
Charlestown,NEV
Charlestown,NOC
Charleville,CTL
Charlo,YCL
Charlotte,CLT
Charlotte Amalie,STT
Charlotte Amalie St Thomas,SPB
Charlottesville,CHO
Charlottetown,YYG
Chattanooga,CHA
Chattogram (Chittagong),CGP
Cheboksary,CSY
Chelyabinsk,CEK
Chengde,CDE
Chengdu,CTU
Chennai,MAA
Chenzhou,HCZ
Cheongju,CJJ
Cherbourg/Maupertus,CER
Cherdakly,ULY
Cherepovets,CEE
Chernivtsi,CWC
Cherskiy,CYX
Chesterfield Inlet,YCS
Chetumal,CTM
Chevak,VAK
Chevery,YHR
Cheyenne,CYS
Chiang Mai,CNX
Chiang Rai,CEI
Chiayi City,CYI
Chibougamau,YMT
Chicago,MDW
Chicago,ORD
Chicago/Rockford,RFD
Chiclayo,CIX
Chifeng,CIF
Chignik Lake,KCQ
Chihuahua,CUU
Chimbote,CHM
Chimoio,VPY
Chimore,CCA
Chios Island,JKH
Chipata,CIP
Chisana,CZN
Chisasibi,YKU
Chişinău,KIV
Chita,HTA
Chitato,DUE
Chitral,CJL
Chitré,CTD
Chizhou,JUH
Chokurdah,CKH
Chongqing,CKG
Christchurch,CHC
Christiansted,STX
Christiansted St Croix,SSB
Christmas Creek Mine,CKW
Chuathbaluk,CHU
Churchill,YYQ
Churchill Falls,ZUM
Cicia,ICI
Ciego de Avila,AVI
Cienfuegos,CFG
Cijulang,CJN
Cilacap-Java Island,CXP
Cincinnati / Covington,CVG
Ciudad del Carmen,CME
Ciudad del Este,AGT
Ciudad Juárez,CJS
Ciudad Obregón,CEN
Ciudad Victoria,CVM
Clarksburg,CKB
Clermont-Ferrand/Auvergne,CFE
Cleveland,CLE
Cloncurry,CNJ
Club Makokola,CMK
Cluj-Napoca,CLJ
Clyde River,YCY
Cobija,CIJ
Coca,OCC
Cochabamba,CBB
Cockburn Town,GDT
Codrington,BBQ
Coen,CUQ
Coffs Harbour,CFS
Coimbatore,CJB
Colima,CLQ
College Station,CLL
Cologne,CGN
Colombo,CMB
Colombo,RML
Colón,ONX
Colonel Hill,CRI
Colorado Springs,COS
Columbia,CAE
Columbia,COU
Columbus,CMH
Columbus,CSG
Columbus,LCK
Columbus/W Point/Starkville,GTR
Colville Lake,YCK
Comiso,CIY
Comodoro Rivadavia,CRD
Comondú,CUA
Comox,YQQ
Con Dao,VCS
Conakry,CKY
Concepcion,CCP
Concord,USA
Constanţa,CND
Constantine,CZL
Contadora Island,OTD
Cooma,OOM
Copenhagen,CPH
Copiapo,CPO
Coral Harbour,YZS
Corazón de Jesús and Narganá Islands,CZJ
Cordoba,COR
Cordova,CDV
Cork,ORK
Çorlu,TEQ
Coro,CZE
Coron,USU
Corozal,CZH
Corozal,CZU
Corpus Christi,CRP
Corredores,OTR
Corrientes,CNQ
Corumbá,CMG
Corvera,RMU
Corvo,CVU
Cotabato City,CBO
Cotonou,COO
Cox's Bazar,CXB
Cozumel,CZM
Craig Cove,CCV
Craiova,CRA
Cranbrook,YXC
Crescent City,CEC
Crete Island,JSH
Criciúma,CCM
Crotone,CRV
Cruz,JJD
Cruzeiro Do Sul,CZS
Cúcuta,CUC
Cuenca,CUE
Cuiabá,CGB
Culiacán,CUL
Culleredo,LCG
Cuneo,CUF
Curitiba,CWB
Cusco,CUZ
Cuyo,CYU
Da Lat,DLI
Da Nang,DAD
Daegu,TAE
Dakar,DSS
Dakhla,VIL
Dalaman,DLM
Dalanzadgad,DLZ
Dalbandin,DBA
Dali (Xiaguan),DLU
Dallas,DAL
Dallas-Fort Worth,DFW
Dalnerechensk,DLR
Damascus,DAM
Dangriga,DGA
Daocheng County,DCY
Daqing,DQA
Dar es Salaam,DAR
"Darbhanga, Bihar, India",DBR
"Darlington, Durham",MME
Darnley Island,NLF
Daru,DAU
Darwin,DRW
Daşoguz,TAZ
Datadawai-Borneo Island,DTD
Datong,DAT
Dauphin,YDN
Davao,DVO
David,DAV
Dawadmi,DWD
Dawei,TVY
Dawson City,YDA
Dawson Creek,YDQ
Dayrestan,GSM
Dayton,DAY
Daytona Beach,DAB
Dazhou,DAX
Deadhorse,SCC
Deadman's Cay,LGI
Deauville,DOL
Debrecen,DEB
Decatur,DEC
Deer Lake,YDF
Deer Lake,YVZ
Dehradun,DED
Dekai - Yahukimo,DEX
Del Carmen,IAO
Déline,YWJ
Delingha,HXD
Delma Island,ZDY
Dembidollo,DEM
Denham,MJK
Denizli,DNZ
Denpasar-Bali Island,DPS
Denver,DEN
Deputatskiy,DPT
Dera Ghazi Khan,DEA
Dera Ismael Khan,DSK
Derry,LDY
Des Moines,DSM
Dessie,DSE
Detroit,DTW
Devonport,DPO
Dezful,DEF
Dhaka,DAC
Dibrugarh,DIB
Dien Bien Phu,DIN
Dijon/Longvic,DIJ
Dili,DIL
Dillingham,DLG
Dillon's Bay,DLY
Dimapur,DMU
Dinard/Pleurtuit/Saint-Malo,DNR
Dipolog City,DPL
Dire Dawa,DIR
Diu,DIU
Diyarbakır,DIY
Djanet,DJG
Djerba,DJE
Djibouti City,JIB
Djumu-Djomoe,DOE
Dnipropetrovsk,DNK
Dodge City,DDC
Dodoma,DOD
Doha,DOH
Dole/Tavaux,DLE
Dolisie,DIS
Dolpa,DOP
Doncaster,DSA
Donegal,CFN
Dong Hoi,VDH
Dongola,DOG
Dortmund,DTM
Dothan,DHN
Douala,DLA
Dourados,DOU
Dresden,DRS
Drietabbetje,DRJ
Dryden,YHD
Dubai,DXB
Dubbo,DBO
Dublin,DUB
Dubois,DUJ
Dubrovnik,DBV
Dubuque,DBQ
Duluth,DLH
Dumaguete City,DGT
Dumai,DUM
Dundee,DND
Dunedin,DUD
Dunhuang,DNH
Duqm,DQM
Durango,DGO
Durban,DUR
Durgapur,RDP
Dushanbe,DYU
Düsseldorf,DUS
Dzaoudzi,DZA
Eagle,EGE
East London,ELS
Eastmain River,ZEM
Eastsound,ESD
Eau Claire,EAU
Eday,EOI
Edinburgh,EDI
Edmonton,YEG
Edremit,EDO
Egegik,EGX
Egilsstaðir,EGS
Eilat,ETM
Eindhoven,EIN
Ejin Banner,EJN
El Aaiún,EUN
El Arish,AAC
El Calafate,FTE
El Calafate,ING
El Dorado,ELD
El Fasher,ELF
El Hierro Island,VDE
El Menia,ELG
El Nido,ENI
El Paso,ELP
El Real de Santa María,ELE
El Salvador,ESR
El Tigre,SOM
El Vigía,VIG
El Yopal,EYP
Elazığ,EZS
Elcho Island,ELC
Eldoret,EDL
Elfin Cove,ELV
Elista,ESL
Elko,EKO
Elmira/Corning,ELM
Emae Island,EAE
Emden,EME
Emerald,EMD
Emmonak,EMK
Encarnación,ENO
Ende-Flores Island,ENE
Enegu,ENU
Enejit Island,EJT
Enfidha,NBE
Eniwetok Atoll,ENT
Enontekio,ENF
Ensenada,ESE
Ensenada,GUB
Enshi,ENH
Eoligarry,BRR
Epi Island,VLS
Eqalugaarsuit,QFG
Erenhot,ERL
Erfurt,ERF
Erie,ERI
Errachidia,ERH
Erzincan,ERC
Erzurum,ERZ
Esbjerg,EBJ
Eskişehir,AOE
Espargos,SID
Esperance,EPR
Esquel,EQS
Essaouira,ESU
Essendon Fields,MEB
Eua Island,EUA
Eugene,EUG
Evansville,EVV
Evenes,EVE
Everett,PAE
Excursion Inlet,EXI
Exeter,EXT
Exmouth,LEA
Fair Isle,FIE
Fairbanks,FAI
Faisalabad,LYP
Fakfak-Papua Island,FKQ
Farafangana,RVA
Fare,HUH
Fargo,FAR
Faro,FAO
Fatima Mission,WTP
Fayetteville,FAY
Fayetteville/Springdale/Rogers,XNA
Fayzabad,FBD
Feira De Santana,FEC
Fera Island,FRE
Fergana,FEG
Fernando de Noronha,FEN
Fes,FEZ
Fianarantsoa,WFI
Figari Sud-Corse,FSC
Firenze,FLR
Fitiuta Village,FTI
Flagstaff,FLG
Flin Flon,YFO
Flinders Island,FLS
Flint,FNT
Florence,FLO
Florencia,FLA
Florianópolis,FLN
Florø,FRO
Flying Fish Cove,XCH
Foggia,FOG
Fomboni,NWA
Fond-Du-Lac,ZFD
Fontvieille,MCM
Førde,FDE
Forlì (FC),FRL
Formosa,FMA
Fort Albany,YFA
Fort Chipewyan,YPY
Fort Dodge,FOD
Fort Frances,YAG
Fort Good Hope,YGH
Fort Hope,YFH
Fort Huachuca / Sierra Vista,FHU
Fort Lauderdale,FLL
Fort Leonard Wood,TBN
Fort McMurray,YMM
Fort Mcpherson,ZFM
Fort Myers,RSW
Fort Nelson,YYE
Fort Sandeman,PZH
Fort Severn,YER
Fort Simpson,YFS
Fort Smith,FSM
Fort Smith,YSM
Fort St.John,YXJ
Fort Wayne,FWA
Fort-de-France,FDF
Fortaleza,FOR
Foshan (Nanhai),FUO
Foula,FOA
Foz do Iguaçu,IGU
Franceville,MVB
Francistown,FRW
Frankfurt am Main,FRA
Frankfurt am Main,HHN
Fredericton,YFC
Freeport,FPO
Freetown (Lungi-Town),FNA
Freguesia de Nossa Senhora do Carmo (Taipa),MFM
Fresno,FAT
Friday Harbor,FRD
Friedrichshafen,FDH
Fuerteventura Island,FUE
Fukuoka,FUK
Funadhoo,FND
Funafuti,FUN
Funchal,FNC
Funter Bay,FNR
Futuna Island,FTA
Futuna Island,FUT
Fuyuan,FYJ
Fuyun,FYN
Gabala,GBB
Gabès,GAE
Gaborone,GBE
Gafsa,GAF
Gaggal,DHM
Gainesville,GNV
Galcaio,GLK
Galle,KCT
Gällivare,GEV
Galway,GWY
Gamba,GAX
Gambela,GMB
Gamètì,YRA
Gan,GAN
Gander,YQX
Ganja,KVD
"Ganjingzi, Dalian",DLC
Gannavaram,VGA
Ganzhou,KOW
Garden City,GCK
Garoua,GOU
Garze County,GZG
Gasmata Island,GMI
Gaspé,YGP
Gatineau,YND
Gatokae,GTA
Gaua Island,ZGU
Gaziantep,GZT
Gazipaşa,GZP
Gbadolite,BDT
Gdańsk,GDN
Geçitkale,GEC
Gelendzhik,GDZ
Gemena,GMA
General Santos,GES
Geneva,GVA
Genova,GOA
George,GRJ
Georgetown,GCM
Georgetown,GEO
Gerald's Park,MNI
Geraldton,GET
Ghadames,LTD
Ghanzi,GNZ
Ghardaïa,GHA
Ghat,GHT
Gibraltar,GIB
Gilgit,GIL
Gillam,YGX
Gillette,GCC
Girona,GRO
Gisborne,GIS
Gizo,GZO
Gjoa Haven,YHK
Gladstone,GLT
Glasgow,GGW
Gobernador Gregores,GGS
Gode,GDE
Gods Lake Narrows,YGO
Gods River,ZGI
Goiânia,GYN
Gold Coast,OOL
Goleniow,SZZ
Golfito,GLF
Golmud,GOQ
Golog,GMQ
Goma,GOM
Gombe,GMO
Gomel,GME
Gondar,GDQ
Gonghang-ro,YNY
Goose Bay,YYR
Gorakhpur,GOP
Gore,GOR
Goronka,GKA
Gorontalo-Celebes Island,GTO
Gothenburg,GOT
Goto,FUJ
Governador Valadares,GVR
Governor's Harbour,GHB
Gozo,GZM
Gran Canaria Island,LPA
Gran Roque Island,LRV
Granada,GRX
Grand Anse,PRI
Grand Bourg,GBJ
Grand Canyon - Tusayan,GCN
Grand Case,SFG
Grand Forks,GFK
Grand Island,GRI
Grand Junction,GJT
Grand Rapids,GRR
Grand-Santi,GSI
Grande Anse,DSD
Grande Prairie,YQU
Grayling,KGX
Graz (Feldkirchen bei Graz),GRZ
Great Falls,GTF
Green Bay,GRB
Greensboro,GSO
Greenville,GLH
Greer,GSP
Griffith,GFF
Grimsby,HUY
Grímsey,GRY
Grise Fiord,YGZ
Groennedal,JGR
Groningen,GRQ
Groote Eylandt,GTE
Grozny,GRV
Guadalajara,GDL
Guanaja,GJA
Guangyuan,GYS
Guangzhou (Huadu),CAN
Guantánamo,GAO
Guapi,GPI
Guarapari,GUZ
Guatemala City,GUA
Guayaquil,GYE
Guayaramerín,GYA
Guaymas,GYM
Guemar,ELU
Guilin (Lingui),KWL
Guiyang,KWE
Gulfport,GPT
Gulu,ULU
Gunungsitoli,GNS
Gurayat,URY
Gurney,GUR
Gustavia / Saint-Jean,SBH
Gustavus,GST
Guwahati,GAU
Guzara,HEA
Gwadar,GWD
Gwalior,GWL
Gwangju,KWJ
Gwinn,MQT
Gyumri,LWN
Ha'il,HAS
Haa Dhaalu Atoll,HAQ
Hachijojima,HAC
Hadsel,SKN
"Hagåtña, Guam International Airport",GUM
Haifa,HFA
Haikou (Meilan),HAK
Hailar,HLD
Hailey,SUN
Haines,HNS
Haiphong,HPH
Hakkari,YKO
Hakodate,HKD
Halali,HAL
Halifax,YHZ
Halmstad,HAD
Hamadan,HDM
Hambantota,HBT
Hamburg,HAM
Hami,HMI
Hamilton,BDA
Hamilton,HLZ
Hamilton,YHM
Hamilton Island,HTI
Hammerfest,HFT
Hana,HNM
Hanamaki,HNA
Hancock,CMX
Handan,HDG
Hangzhou,HGH
Hannover,HAJ
Hanzhong,HZG
Harare,HRE
Harbin,HRB
Hargeisa,HGA
Harlingen,HRL
Harrisburg,MDT
Harrison,HRO
Hartford,BDL
Hassi Messaoud,HME
Hassi R'Mel,HRM
Hasvik,HAA
Hat Yai,HDY
Havana,HAV
Havana,UPB
Hay River,YHY
Hayman Island,HIS
Healy Lake,HKB
Hechi (Jinchengjiang),HCJ
Hefei,HFE
Heho,HEH
Heihe,DTU
Heihe,HEK
Helena,HLN
Helgoland,HGL
Helsinki,HEL
Hemavan,HMV
Hengchung,HCN
Hengyang,HNY
Heraklion,HER
Heringsdorf,HDF
Hermosillo,HMO
Herschel Island (Yukon Territory),ZHH
Hervey Bay,HVB
Heze,HZA
Hibbing,HIB
Higashine,GAJ
High Level,YOJ
Higuerote,HGE
Hilo,ITO
Hiroshima,HIJ
Hiva Oa Island,AUQ
Ho Chi Minh City,SGN
Hobart,HBA
Hodeida,HOD
Hoedspruit,HDS
Hoemun-ri,RGO
Höfn,HFN
Hofuf,HOF
Hohhot,HET
Holguin,HOG
Holingol,HUO
Hollis,HYL
Holy Cross,HCR
Hondarribia,EAS
Hong Kong,HKG
Honiara,HIR
Honningsvåg,HVG
Honolulu,HNL
Hoonah,HNH
Hopedale,YHO
Horn Island,HID
Horta,HOR
Hot Springs,HOT
Hotan,HTN
Hotan (Yutian),YTW
Houston,HOU
Houston,IAH
Hrodna,GNA
Hua Hin,HHQ
Huaihua,HJJ
Hualien City,HUN
Huambo,NOV
Huangping,KJH
Huangshan,TXN
Huangyan,HYN
Huánuco,HUU
Huatulco,HUX
Huay Xai,HOE
Hubli,HBX
Huế,HUI
Hughes,HUS
Huizhou (Pingtan),HUZ
"Hunnan, Shenyang",SHE
Huntington,HTS
Huntsville,HSV
Hurghada,HRG
Huron,HON
Húsavík,HZK
Huvadhu Atoll,GKK
Huvadhu Atoll,KDM
Huxi,MZG
Hyannis,HYA
Hyder,WHD
Hyderabad,HDD
Hyderabad,HYD
"I Fadang, Saipan",SPN
Iaşi,IAS
Ibadan,IBA
Ibagué,IBE
Ibiza,IBZ
Idaho Falls,IDA
Igaliku,QFX
Igarka,IAA
Iğdır,IGD
Iginniarfik,QFI
Igloolik,YGT
Ihu,IHU
Ikamiut,QJI
Ikaria Island,JIK
Ikerassaarsuk,QRY
Iki,IKI
Île d'Yeu,IDY
Île des Pins,ILP
Ilebo,PFR
Îles-de-la-Madeleine,YGR
Ilford,ILF
Ilhéus,IOS
Ilimanaq,XIQ
Illizi,VVZ
Iloilo (Cabatuan),ILO
Ilorin,ILR
Ilulissat,JAV
Imperatriz,IMP
Imphal,IMF
In Aménas,IAM
In Salah,INZ
Indianapolis,IND
Indore,IDR
Inhambane,INH
Inis Meáin,IIA
Inis Mór,IOR
Inis Oírr,INQ
Innarsuit,IUI
Innsbruck,INN
Inongo,INO
International Falls,INL
Inukjuak,YPH
Inuvik,YEV
Invercargill,IVC
Inverin,NNR
Inverness,INV
Ioannina,IOA
Ipatinga,IPN
Ipiales,IPI
Ipoh,IPH
Ipota,IPA
Iqaluit,YFB
Iquique,IQQ
Iquitos,IQT
Irkutsk,IKT
Ísafjörður,IFJ
Isfahan,IFN
Ishigaki,ISG
Isla Baltra,GPS
Isla Colón,BOC
Isla de Coche,ICC
Isla De Pascua,IPC
Isla Margarita,PMV
Islamabad,ISB
Island Lake,YIV
Islip,ISP
Isortoq,IOQ
Isparta,ISE
Itaituba,ITB
Ithaca,ITH
Ittoqqortoormiit,OBY
Ivalo,IVL
Ivano-Frankivsk,IFO
Ivanovo,IWA
Ivujivik,YIK
Iwakuni,IWK
Ixtapa,ZIH
Ixtepec,IZT
Izhevsk,IJK
İzmir,ADB
Izu Oshima,OIM
Izumo,IZO
Jabor Jaluit Atoll,UIT
Jackson,JAC
Jackson,JAN
Jackson,MKL
Jacksonville,JAX
Jacmel,JAK
Jacquinot Bay,JAQ
Jaén,JAE
Jaffna,JAF
Jagdalpur,JGB
Jaguaruna,JJG
Jaipur,JAI
Jakar,BUT
Jakarta,CGK
Jakarta,HLP
Jambi-Sumatra Island,DJB
Jamestown,JMS
Jammu,IXJ
Jamnagar,JGA
Janakpur,JKR
Jaqué,JQE
Jashore (Jessore),JSR
Jauja,JAU
Jayapura-Papua Island,DJJ
Jebel Ali,DWC
Jeddah,JED
Jeju City,CJU
Jember,JBB
Jeremie,JEE
Jerez de la Frontera,XRY
Ji-Paraná,JPR
Ji'an,JGS
Jiamusi,JMU
Jiansanjiang,JSJ
"Jianyang, Chengdu",TFU
"Jiaozhou, Qingdao",TAO
Jiayuguan,JGN
Jieyang (Rongcheng),SWA
Jijel,GJL
Jijiga,JIJ
Jimma,JIM
Jinan,TNA
Jinchang,JIC
Jingdezhen,JDZ
Jinghong (Gasa),JHG
Jingzhou,SHS
Jining,JNG
Jiuzhaigou,JZH
Jiwani,JIW
Jixi,JXA
Jizan,GIZ
João Pessoa,JPA
Jodhpur,JDH
Joensuu / Liperi,JOE
Johannesburg,HLA
Johannesburg,JNB
Johnstown,JST
Johor Bahru,JHB
Joinville,JOI
Jomsom,JMO
Jonesboro,JBR
Jönköping,JKG
Joplin,JLN
Jorhat,JRH
Jos,JOS
Juara,JUA
Juazeiro do Norte,JDO
Juba,JUB
Juiz de Fora,IZA
Juiz de Fora,IZA
Juiz de Fora,JDF
Juliaca,JUL
Jumla,JUM
Juneau,JNU
Jwaneng,JWA
Jyväskylän Maalaiskunta,JYV
Kaben,KBT
Kabul,KBL
Kadapa,CDP
Kadhdhoo,KDO
Kaduna,KAD
Kagau Island,KGE
Kagoshima,KOJ
Kahramanmaraş,KCM
Kahului,OGG
Kaieteur Falls,KAI
Kailua-Kona,KOA
Kaimana-Papua Island,KNG
Kaitaia,KAT
Kajaani,KAJ
Kakadi,SAG
Kalamata,KLX
Kalamazoo,AZO
Kalaupapa,LUP
Kalbarri,KAX
Kalgoorlie,KGI
Kalibo,KLO
Kaliningrad,KGD
Kalispell,FCA
Kalmar,KLR
Kalskag,KLG
Kalymnos Island,JKL
Kamembe,KME
Kamloops,YKA
Kampala,EBB
Kampung Tekek,TOD
Kamusi,KUY
Kananga,KGA
Kanazawa,KMQ
Kandla,IXY
Kandrian,KDR
Kandy,KDZ
Kangaatsiaq,QPW
Kangding,KGT
Kangerlussuaq,SFJ
Kangersuatsiaq,KGQ
Kangiqsualujjuaq,XGR
Kangiqsujuaq,YWB
Kangirsuk,YKG
Kannur,CNN
Kano,KAN
Kanpur,KNU
Kansas City,MCI
Kanti,KHM
Kaohsiung (Xiaogang),KHH
Kapuskasing,YYU
Karachi,KHI
Karaganda,KGF
Karaj,PYK
Karamay,KRY
Kärdla,KDL
Karimunjawa,KWB
Karlovy Vary,KLV
Karlstad,KSD
Karmøy,HAU
Karpathos Island,AOK
Karratha,KTA
Kars,KSY
Karshi,KSQ
Karup,KRP
Kasabonika,XKS
Kasane,BBK
Kashan,KKS
Kashechewan,ZKE
Kashgar,KHG
Kasos Island,KSJ
Kassala,KSL
Kassel,KSF
Kastelorizo Island,KZS
Kathmandu,KTM
Katowice,KTW
Kaunakakai,MKK
Kaunas,KUN
Kavala,KVA
Kavieng,KVG
Kawthoung,KAW
Kayseri,ASR
Kazan,KZN
Kearney,EAR
Kebri Dahar,ABK
Kefallinia Island,EFL
Kelowna,YLW
Kemerovo,KEJ
Kemi / Tornio,KEM
Kendari-Celebes Island,KDI
Kenema,KEN
Kengtung,KET
Kenmore,KEH
Kenora,YQK
Keperveem,KPW
Kerema,KMA
Kerikeri,KKE
Kerkyra Island,CFU
Kerman,KER
Kermanshah,KSH
Ketapang,KTG
Ketchikan,KTN
Ketchikan,WFB
Key West,EYW
Khabarovsk,KHV
Khajuraho,HJR
Khanty-Mansiysk,HMA
Kharkiv,HRK
Khartoum,KRT
Khasab,KHS
Khatanga,HTG
Kherson,KHE
Khon Kaen,KKC
Khonuu,MQJ
Khovd,HVD
Khujand,LBD
Khuzdar,KDD
Khvoshab,KDH
Kieta,KIE
Kiev,IEV
Kiev,KBP
Kigali,KGL
Kigoma,TKQ
Kikai,KKX
Kikori,KRI
Kikwit,KKW
Kili Island,KIO
Killarney,KIR
Killeen,GRK
Kimbe,HKN
Kimberley,KIM
Kimmirut,YLC
Kindu,KND
King Khaled Military City,KMC
King Salmon,AKN
Kingfisher Lake,KIF
Kingston,KIN
Kingston,YGK
Kingstown,SVD
Kinngait,YTE
Kinshasa,FIH
Kirakira,IRA
Kiri,KRZ
Kirkenes,KKN
Kirksville,IRK
Kirov,KVX
Kiruna,KRN
Kirundo,KRE
Kisangani,FKI
Kish Island,KIH
Kisumu,KIS
Kitaakita,ONJ
Kitadaitōjima,KTD
Kitakyushu,KKJ
Kitchener,YKF
Kithira Island,KIT
Kitsissuarsuit,QJE
Kittilä,KTT
Kiunga,UNG
Kiwayu,KWY
Kjevik,KRS
Klagenfurt am Wörthersee,KLU
Klamath Falls,LMT
Knoxville,TYS
Kobe,UKB
Kochi,COK
Kodiak,ADQ
Kogalym,KGP
Kokkola / Kruunupyy,KOK
Kokoda,KKD
Kokopo,RAB
Kokshetau,KOV
Koliganek,KGK
Kolkata,CCU
Komsomolsk-on-Amur,KXK
Koné,KNQ
Kontum,KON
Konya,KYA
Kopitnari,KUT
Korla,KRL
Kornasoren-Numfoor Island,FOO
Koro Island,KXF
Koromiko,PCN
Kos Island,KGS
Košice,KSC
Kostanay,KSN
Kostroma,KMW
Kota Baharu,KBR
Kota Kinabalu,BKI
Kotamadya Balikpapan,BPN
Kotlas,KSZ
Kotzebue,OTZ
Koulamoutou,KOU
Koumac,KOC
Kowanyama,KWM
Kozani,KZI
Krabi,KBV
Kraków,KRK
"Kralendijk, Bonaire",BON
Kraljevo,KVO
Krasnodar,KRR
Krasnoyarsk,KJA
Krasnyi Kurgan,AAQ
Kristianstad,KID
Kryvyi Rih,KWG
Kuala Lumpur,KUL
Kuala Pesisir,MEQ
Kuala Terengganu,TGG
Kuantan,KUA
Kuching,KCH
Kudat,KUD
Kufra,AKF
Kugaaruk,YBB
Kugluktuk,YCO
Kulhudhuffushi,HDK
Kullorsuaq,KHQ
Kulusuk,KUS
Kulyab,TJU
Kumamoto,KMJ
Kumasi,KMS
Kumejima,UEO
Kundiawa,CMU
Kunming,KMG
Kunsan,KUV
Kununurra,KNX
Kuopio / Siilinjärvi,KUO
Kupang-Timor Island,KOE
Kuqa,KCA
Kuressaare,URE
Kurgan,KRO
Kurgan-Tyube,KQT
Kurilsk,ITU
Kursk,URS
Kushiro,KUH
Kuujjuaq,YVP
Kuujjuarapik,YGW
Kuummiut,KUZ
Kuusamo,KAO
Kuwait City,KWI
Kvernberget,KSU
Kwajalein,KWA
Kyaukpyu,KYP
Kyzyl,KYZ
Kyzylorda,KZO
La Ceiba,LCE
La Chorrera,LCR
La Crosse,LSE
La Grande Rivière,YGL
La Isabela,JBQ
La Macarena,LMC
La Macarena,LMC
La Macaza,YTM
La Môle,LTT
La Paz,LAP
La Paz / El Alto,LPB
La Pedrera,LPD
La Rioja,IRJ
La Rochelle/Île de Ré,LRH
La Romana,LRM
La Ronge,YVC
La Serena-Coquimbo,LSC
La Seu d'Urgell Pyrenees and Andorra,LEU
La Tabatière,ZLT
La Toma (Catamayo),LOH
Labuan,LBU
Labuan Bajo - Flores Island,LBJ
Lae,LAE
Laem Ngop,TDX
Lafayette,LFT
Lages,LAJ
Lagos,LOS
Lahad Datu,LDU
Lahaina,JHM
Lahore,LHE
Lajamanu,HOK
Lake Charles,LCH
Lake Havasu City,HII
Lake Havasu City,LHS
Lake Murray,LMY
Lakeba Island,LKB
Lakselv,LKL
Lal-lo,LLC
Lamap,LPM
Lamen Bay,LNB
Lamerd,LFM
Lamezia Terme (CZ),SUF
Lampedusa,LMP
Lamu,LAU
Lanai City,LNY
Lancang Lahu Autonomous County,JMJ
Lancaster,LNS
Land's End,LEQ
Langgur,LUV
Langkawi,LGK
Lankaran,LLK
Lansdowne House,YLH
Lansing,LAN
Lanzarote Island,ACE
Lanzhou,LHW
Laoag City,LAO
"Laobian, Yingkou",YKH
Lappeenranta,LPP
Lapu-Lapu City,CEB
Lar,LRR
Lara,AVV
Laramie,LAR
Larantuka-Flores Island,LKA
Laredo,LRD
Larnaca,LCA
Las Heras,LHS
Las Tunas,VTU
Las Vegas,LAS
Lashio,LSH
Latacunga,LTX
Latakia,LTK
Latrobe,LBE
Latur,LTU
Launceston,LST
Lawas,LWY
Lázaro Cárdenas,LZC
Le Havre/Octeville,LEH
Le Puy/Loudes,LPY
Lebanon,LEB
Leeds,LBA
Legazpi City,LGP
Leh,IXL
Leipzig,LEJ
Leirvik,SRP
Leknes,LKN
Lelystad,LEY
Lençóis,LEC
Lensk,ULK
León,LEN
Leonora,LNO
Leros Island,LRS
Lerwick,LSI
Lerwick,LWK
Les Cayes,CYA
Leshukonskoye,LDG
Lethbridge,YQL
Lethem,LTM
Leticia,LET
Levelock,KLL
Lewiston,LWS
Lewistown,LWT
Lexington,LEX
Lhasa,LXA
Lhok Seumawe-Sumatra Island,LSW
Lianyungang,LYG
Liberal,LBL
Liberia,LIR
Libreville,LBV
Lichinga,VXC
Liège,LGG
Liepāja,LPX
Lifou,LIF
Lifuka,HPA
Lihue,LIH
Lijiang,LJG
Likiep Island,LIK
Lilabari,IXI
Lille/Lesquin,LIL
Lilongwe,LLW
Lima,LIM
Limbang,LMN
Limnos Island,LXS
Limoges/Bellegarde,LIG
Lincang,LNJ
Lincoln,LNK
Lindi,LDI
Linfen,LFQ
Linköping,LPI
Linyi,LYI
Linz,LNZ
Lipetsk,LPK
Liping,HZH
Lisbon,LIS
Lismore,LSY
Little Rock,LIT
Liupanshui,LPF
Liuzhou (Liujiang),LZH
Liverpool,LPL
Livingstone,LVI
Ljubljana,LJU
Lleida,ILD
Lloydminster,YLL
Lockhart River,IRG
Lodja,LJA
Łódź,LCJ
Loh/Linua,TOH
Loikaw,LIW
Lokichoggio,LKG
Lomé,LFW
Londolovit,LNV
London,LCY
London,LGW
London,LHR
London,LTN
London,SEN
London,STN
London,YXU
Londrina,LDB
Long Apung-Borneo Island,LPU
Long Banga,LBP
Long Bawan-Borneo Island,LBW
Long Beach,LGB
Long Datih,LGL
Long Seridan,ODN
Longana,LOD
Longnan,LNL
Longreach,LRE
Longview,GGG
Longwood,HLE
Longyan,LCX
Longyearbyen,LYR
Lonorore,LNE
Lopez,LPS
Lord Howe Island,LDH
Loreto,LTO
Lorient/Lann/Bihoué,LRT
Los Angeles,LAX
Los Mochis,LMM
Losuia,LSA
Louisville,SDF
Lourdes-de-Blanc-Sablon,YBX
Luanda,LAD
Luang Namtha,LXG
Luang Phabang,LPQ
Lubango,SDD
Lubbock,LBB
Lübeck,LBC
Lublin,LUZ
Lubumbashi,FBM
Lucknow,LKO
Luderitz,LUD
Lugano,LUG
Luganville,SON
Luhansk,VSG
Lukla,LUA
Luleå,LLA
Lüliang,LLV
Luoyang,LYA
Lusaka,LUN
Lutselk'e,YSG
Luxembourg,LUX
Luxor,LXR
Lviv,LWO
Lycksele,LYC
Lynchburg,LYH
Lynn Lake,YYL
Lyon,LYS
Maamigili,VAM
Maastricht,MST
Maavaarulu,RUL
Mabalacat,CRK
Mabuiag Island,UBB
Macaé,MEA
Macapá,MCP
Macas,XMS
Maceió,MCZ
Mackay,MKY
Macon,MCN
Madang,MAG
Madison,MSN
Madrid,MAD
Madurai,IXM
Maewo Island,MWF
Mafeking,MBD
Magadan,GDX
Magnitogorsk,MQF
Magway,MWQ
Mahajanga,MJN
Mahe Island,SEZ
Mahshahr,MRX
Maiduguri,MIU
Maintirano,MXT
Majkin,MJE
Majuro Atoll,MAJ
Makemo,MKP
Makhachkala,MCX
Makinohara / Shimada,FSZ
Makkovik,YMN
Makokou,MKU
Makurdi,MDI
Malabo,SSG
Málaga,AGP
Malakal,MAK
Malamala,AAM
Malang,MLG
Malanje,MEG
Malatya,MLX
Malay,MPH
Malé,MLE
Malekula Island,SWJ
Malindi,MYD
Malmö,MMX
Maloelap Island,MAV
Malolo Lailai Island,PTF
Målselv,BDU
Mambajao,CGM
Mampikony,WMP
Mana Island,MNF
Manado,MDC
Managua,MGA
Manakara,WVK
Manama,BAH
Mananara Nord,WMR
Mananjary,MNJ
Manaus,MAO
Manchester,MAN
Manchester,MHT
Mandalay,MDL
Mandalgobi,MXW
Mandritsara,WMA
Mangaia Island,MGS
Mangalore,IXE
Mangshi,LUM
Manhattan,MHK
Manicoré,MNX
Manihiki Island,MHX
Maniitsoq,JSU
Manila,MNL
Maningrida,MNG
Manizales,MZL
Manja,MJA
Mannheim,MHG
Manokwari-Papua Island,MKW
Manta,MEC
Manus Island,MAS
Manzanillo,MZO
Manzanillo,ZLO
Maota,MXS
Maputo,MPM
Mar del Plata,MDQ
Marabá,MAB
Maracaibo,MAR
Maracay,MYC
Marau,RUS
Mardin,MQM
Maré,MEE
Margate,MGH
Mariehamn,MHQ
Marigot,DOM
Marília,MII
Marina Di Campo,EBA
Maringá,MGF
Maripasoula,MPY
Mariupol,MPW
Markovo,KVM
Maroantsetra,WMN
Maroochydore,MCY
Maroua,MVR
Marrakech,RAK
Marsa Alam,RMF
Marsa Matruh,MUH
Marseille,MRS
Marsh Harbour,MHH
Marshall,MLL
Martha's Vineyard,MVY
Marudi,MUR
Mary,MYP
Mary's Harbour,YMH
Maryborough,MBH
Masai Mara,MRE
Masamba-Celebes Island,MXB
Masbate,MBT
Maseru,MSU
Mashhad,MHD
Massawa,MSW
Massena,MSS
Masset,ZMT
Masuda,IWJ
Matadi,MAT
Matamoros,MAM
Mataram,LOP
Matei,TVU
Matoury,CAY
Matsu (Beigan),MFK
Matsu (Nangan),LZN
Matsumoto,MMJ
Matsuyama,MYJ
Matthew Town,IGA
Maturín,MUN
Mauke Island,MUK
Maumere-Flores Island,MOF
Maun,MUB
Mawlamyine,MNU
May Creek,MYK
Mayaguez,MAZ
Mazar-i-Sharif,MZR
Mazatlán,MZT
Mbambanakira,MBU
Mbandaka,MDK
Mbanza Congo,SSY
Mbeya,MBI
Mbuji Mayi,MJM
McAllen,MFE
McArthur River Mine,MCV
McGrath,MCG
Medellín,EOH
Medellín,MDE
Medford,MFR
Medicine Hat,YXH
Medina,MED
Meghauli,MEY
Mehamn,MEH
Meizhou (Meixian),MXZ
Mejit Atoll,MJB
Melbourne,MBW
Melbourne,MEL
Melbourne,MLB
Melilla,MLN
Memmingen,FMM
Memphis,MEM
Mendi,MDU
Mendoza,MDZ
Mengnai,HTT
Menongue,SPP
Menorca Island,MAH
Merauke,MKQ
Mérida,MID
Mérida,MRD
Meridian,MEI
Merimbula,MIM
Meru-Kinna,JJM
Mesa,AZA
Metlakatla,ANN
Metz / Nancy,ETZ
Mexicali,MXL
Mexico City,MEX
Mfuwe,MFU
Miami,MIA
Miandrivazo,ZVA
Mianyang,MIG
Midland,MAF
Milan,BGY
Milan,LIN
Milan,MXP
Mildura,MQL
Miles City,MLS
Mili Island,MIJ
Milingimbi Island,MGT
Milos Island,MLO
Milwaukee,MKE
Minamidaito,MMD
Minatitlán,MTT
Mineralnyye Vody,MRV
Minneapolis,MSP
Minot,MOT
Minsk,MSQ
Miquelon,MQC
Miramichi,YCH
Miri,MYY
Mirny,MJZ
Mirpur Khas,SKZ
Misawa,MSJ
Misima Island,MIS
Misratah,MRA
Missoula,MSO
Mitiaro Island,MOI
Mitú,MVP
Miyakejima,MYE
Miyako City,MMY
Miyazaki,KMI
Mizan Teferi,MTF
Mkeik,MGZ
Mo i Rana,MQN
Moa Island,KUG
Moala,MFJ
Mobile,MOB
Moçâmedes,MSZ
Moengo,MOJ
Moenjodaro,MJD
Mogadishu,MGQ
Mogilev,MVQ
Mohe,OHE
Moline,MLI
Mombasa,MBA
Monastir,MIR
Monbetsu,MBE
Moncton,YQM
Mong Hsat,MOG
Monroe,MLU
Monrovia,MLW
Monrovia,ROB
Mont-Joli,YYY
Montego Bay,MBJ
Monterey,MRY
Montería,MTR
Monterrey,MTY
Montes Claros,MOC
Montevideo,MVD
Montgomery,MGM
Montichiari (BS),VBS
Montpellier/Méditerranée,MPL
Montréal,YHU
Montréal,YUL
Moorea-Maiao,MOZ
Moosonee,YMO
Mora,MXX
Morafenobe,TVA
Moranbah,MOV
Moree,MRZ
Morelia,MLM
Morgantown,MGW
Moro,MXH
Morombe,MXM
Mörön,MXV
Morondava,MOQ
Moroni,HAH
Morowali,MOH
Moruya,MYA
Moscow,DME
Moscow,SVO
Moscow,VKO
Moscow,ZIA
Moselle,PIB
Mosjøen,MJF
Moss Town,GGT
Mossoró,MVF
Mostar,OMO
Motu Mute,BOB
Mouila,MJL
Moundou,MQQ
Mount Gambier,MGB
Mount Hagen,HGU
Mount Hotham,MHU
Mount Isa,ISA
Mount Pleasant,MPN
Mountain Village,MOU
Moyo,OYG
Mpaka,SHO
Mpumalanga,MQP
Mthatha,UTT
Mtwara,MYW
Muanda,MNB
Muara Bungo,BUU
Muara Teweh,HMS
Mucuri,MVS
Mudanjiang,MDG
Mukah,MKM
Muko Muko,MPC
Mulatupo,MPP
Mulegé,SRL
Multan,MUX
Mulu,MZV
Mumbai,BOM
Munda,MUA
Munich,MUC
Münster,FMO
Murmansk,MMK
Murray Island,MYI
Muş,MSR
Muscat,MCT
Muscle Shoals,MSL
Muskegon,MKG
Muskrat Dam,MSA
Musoma,MUZ
Mustique Island,MQS
Muzaffarabad,MFG
Mwanza,MWZ
Myitkyina,MYT
Mykonos Island,JMK
Myrtle Beach,MYR
Mytilene,MJT
Mzuzu,ZZU
N'Djamena,NDJ
N'Gaoundéré,NGE
Na Thon (Ko Samui Island),USM
Nabire-Papua Island,NBX
Nadi,NAN
Nador,NDR
Nadym,NYM
Naga,WNP
Nagasaki,NGS
Nagoya,NKM
Nagpur,NAG
Naha,OKA
Nain,YDP
Nairobi,NBO
Nairobi,WIL
Najaf,NJF
Najran,EAM
Nakashibetsu,SHB
Nakhchivan,NAJ
Nakhon Si Thammarat,NST
Nakina,YQN
Nakuru,NUU
Nalchik,NAL
Namangan,NMA
Namorik Atoll,NDK
Nampula,APL
Namsos,OSY
Nanaimo,YCD
Nanaimo,ZNA
Nanchang,KHN
Nanchong,NAO
Nandayure,PBP
Nanded,NDC
Nanga Pinoh-Borneo Island,NPO
Nanjing,NKG
Nankoku,KCZ
Nanning (Jiangnan),NNG
Nantes,NTE
Nantong,NTG
Nantucket,ACK
Nanyang,NNY
Nanyuki,NYK
Napier,NPE
Nápoli,NAP
Narrabri,NAA
Narrandera,NRA
Narsaq,JNS
Narsarsuaq,UAK
Naryan Mar,NNM
Nashville,BNA
Nasik,ISK
Nassau,NAS
Natal,NAT
Natashquan,YNA
Natori,SDJ
Natuashish,YNP
Nausori,SUV
Navegantes,NVT
Navoi,NVI
Nawabashah,WNS
Naxos,JNX
Nazca,NZC
Ndola,NLA
Nea Anchialos,VOL
Necochea,NEC
Neerlerit Inaat,CNP
Nefteyugansk,NFG
Negage,GXG
Neiva,NVA
Nelson,NSN
Nemiscau,YNS
Nepalgunj,KEP
Neryungri,NER
Neuquen,NQN
Nevşehir,NAV
New Barag Right Banner,XRQ
New Bedford,EWB
New Bern,EWN
New Delhi,DEL
New Haven,HVN
New Orleans,MSY
New Plymouth,NPL
New York,EWR
New York,JFK
New York,JRA
New York,LGA
New York,QNY
New York,TSS
Newburgh,SWF
Newcastle,NCL
Newman,ZNE
Newport News,PHF
Newquay,NQY
Ngau,NGI
Ngiva,VPE
Nhulunbuy,GOV
Niagara Falls,IAG
Niamey,NIM
Niaqornat,NIQ
Nice,NCE
Nicosia,ECN
Nicoya,NOB
Niigata,KIJ
Nikolayev,NLV
Nikolayevsk-na-Amure Airport,NLI
Nîmes/Garons,FNI
Ningbo,NGB
Nioki,NIO
Nis,INI
Niuatoputapu,NTT
Nizhnekamsk,NBC
Nizhnevartovsk,NJC
Nizhny Novgorod,GOJ
Nogales,NOG
Nogliki,NGK
Nome,OME
Noonu Atoll,NMF
Noorvik,ORV
Norderney,NRD
Norfolk,ORF
Norilsk,NSK
Norman Wells,YVQ
Normanton,NTN
Norrköping,NRK
Norsup,NUS
North Bay,YYB
North Bend,OTH
North Caicos,NCA
North Eleuthera,ELH
North Platte,LBF
North Ronaldsay,NRL
North Spirit Lake,YNO
Norway House,YNE
Norwich,NWI
Nosy Be,NOS
Notodden,NTB
Nottingham,EMA
Nouadhibou,NDB
Nouakchott,NKC
Nouméa,GEA
Nouméa (La Tontouta),NOU
Novokuznetsk,NOZ
Novosibirsk,OVB
Novy Urengoy,NUX
Nowshahr,NSH
Noyabrsk,NOJ
Nueva Gerona,GER
Nuevo Laredo,NLD
Nuku,UKU
Nuku Hiva,NHV
Nuku'alofa,TBU
Nukus,NCU
Nunam Iqua,SXP
Nunapitchuk,NUP
Nunukan-Nunukan Island,NNX
Nuquí,NQU
Nur-Sultan,NQZ
Nuremberg,NUE
Nuuk,GOH
Nuussuaq,NSQ
Nyagan,NYA
Nyala,UYL
Nyaung U,NYU
Nyingchi,LZY
Nyland,KRF
Oakland,OAK
Oaxaca,OAX
Óbidos,OBI
Obihiro,OBO
Obo,OBX
Odense,ODE
Odessa,ODS
Ofu,OFU
Ogden,OGD
Ogdensburg,OGS
Ogle,OGL
Ogoki Post,YOG
Ohrid,OHD
Oita,OIT
Okat,KSA
Okayama,OKJ
Okhotsk,OHO
Okinoshima,OKI
Oklahoma City,OKC
Oksibil-Papua Island,OKL
Okushiri Island,OIR
Olbia (SS),OLB
Old Crow,YOC
Old Harbor,OLH
Ölgii,ULG
Olongapo,SFS
Olpoi,OLJ
Olsztyn,SZY
Olympic Dam,OLP
Olyokminsk,OLZ
Omaha,OMA
Omitama,IBR
Omsk,OMS
Ondangwa,OND
Ontario,ONT
Oradea,OMR
Oran,ORN
Oranjemund,OMD
Oranjestad,AUA
Orapa,ORP
Orchid Island,KYD
Ordos,DSN
Ordu,OGU
Örebro,ORB
Orenburg,REN
Oriximiná,TMT
Orkney Islands,KOI
Ørland,OLA
Orlando,MCO
Orlando,SFB
Ormara Raik,ORW
Örnsköldsvik,OER
Orsk,OSW
Ørsta,HOV
Orvakal,KJB
Osaka,ITM
Osaka,KIX
Osh,OSS
Osijek,OSI
Oslo,OSL
Osorno,ZOS
Ostend,OST
Östersund,OSD
Ostrava,OSR
Otepa,HOI
Ottawa,YOW
Ouagadougou,OUA
Ouani,AJN
Ouargla,OGX
Ouarzazate,OZZ
Oudomsay,ODY
Oujda,OUD
Oulu / Oulunsalo,OUL
Ouro Sogui,MAX
Ouvéa,UVE
Ouzinkie,KOZ
Owensboro,OWB
Owerri,QOW
Oxford House,YOH
Oyem,OYE
OZ Minerals Prominent Hill Mine,PXH
Ōzora,MMB
Paama Island,PBJ
Paamiut,JFR
Padang (Katapiang),PDG
Padang Sidempuan,AEG
Paderborn,PAD
Paducah,PAH
Pagadian City,PAG
Pago Pago,PPG
"Paisley, Renfrewshire",GLA
Pakhokku,PKK
Pakse,PKZ
Palanga,PLQ
Palangkaraya-Kalimantan Tengah,PKY
Palembang,PLM
Palenque,PQM
Palermo,PMO
Palm Springs,PSP
Palma De Mallorca,PMI
Palmar Sur,PMZ
Palmas,PMW
Palopo,LLO
Palu,PLW
Pamplona,PNA
Panamá City,BLB
Panama City Beach,ECP
Pangkal Pinang,PGK
Pangkalanbun-Borneo Island,PKN
Pangkor Island,PKG
Pangnirtung,YXP
Panjgur,PJG
Pantelleria (TP),PNL
Pantnagar,PGH
Panzhihua,PZI
Papa Stour Island,PSV
Papa Westray,PPW
Papeete,PPT
Paphos,PFO
Paraburdoo,PBO
Parachinar,PAJ
Paragominas,JPE
Paraguaná,LSP
Paramaribo,ORG
Parana,PRA
Paraty,JPY
Parauapebas,CKS
Pardubice,PED
Paris,CDG
Paris,ORY
Parkersburg,PKB
Parkes,PKE
Parma,PMF
Parnaíba,PHB
Pärnu,EPU
Paro,PBH
Paros,PAS
Parsabad,PFQ
Pasco,PSC
Pasni,PSI
Passo Fundo,PFB
Pasto,PSO
Pathankot,IXP
Pathein,BSX
Patna,PAT
Pato Branco,PTO
Patras,GPA
Pau/Pyrénées (Uzein),PUF
Paulatuk,YPC
Paulo Afonso,PAV
Pavlodar,PWQ
Peace River,YPE
Peawanuck,YPO
Pechora,PEX
Pedasí,PDM
Pekanbaru-Sumatra Island,PKU
Pekaulang,PGQ
Pellston,PLN
Pelotas,PET
Pemba / Porto Amelia,POL
Penang,PEN
"Pendik, Istanbul",SAW
Penrhyn Island,PYE
Pensacola,PNS
Pentecost Island,SSR
Penticton,YYF
Penza,PEZ
Peoria,PIA
Pereira,PEI
Perito Moreno,PMQ
Perm,PEE
Perpignan/Rivesaltes,PGF
Perth,PER
Perugia,PEG
Pescara,PSR
Peshawar,PEW
Petersburg,PSG
Petrolina,PNZ
Petropavl,PPK
Petropavlovsk-Kamchatsky,PKC
Petrozavodsk,PES
Phalaborwa,PHW
Phaplu,PPL
Philadelphia,PHL
Philadelphia,PNE
Phnom Penh (Pou Senchey),PNH
Phoenix,PHX
Phu Quoc Island,PQC
Phuket,HKT
Pickle Lake,YPL
Pico Island,PIX
Pierre,PIR
Pietermaritzburg,PZB
Pikangikum,YPM
Pilanesberg,NTY
Pilot Station,PQS
Pingtung,PIF
Pisa,PSA
Piseo-ri (Muan),MWX
Pittsburgh,PIT
Piura,PIU
Placencia,PLJ
Plaine Magnein,MRU
Plastun,TLY
Plattsburgh,PBG
Playón Chico,PYC
Pleiku,PXU
Plettenberg Bay,PBZ
Plovdiv,PDV
Pocatello,PIH
Pococi,BCL
Podgorica,TGD
Pohang,KPO
Pohnpei Island,PNI
Pointe Noire,PNR
Pointe-à-Pitre,PTP
Points North Landing,YNL
Poitiers/Biard,PIS
Pokhara,PKR
Polokwane,PTG
Ponce,PSE
Pond Inlet,YIO
Ponta Delgada,PDL
Ponta Grossa,PGZ
Ponta Porã,PMG
Pontes e Lacerda,LCB
Pontianak-Borneo Island,PNK
Popayán,PPN
Poplar Hill,YHP
Popondetta,PNP
Poprad,TAT
Porbandar,PBD
Pori,POR
Pormpuraaw,EDR
Port Angeles,CLM
Port Bergé,WPB
Port Blair,IXZ
Port Elizabeth,PLZ
Port Ellen,ILY
Port Gentil,POG
Port Harcourt,PHC
Port Harcourt,PHG
Port Hardy,YZT
Port Hedland,PHE
Port Hope Simpson,YHA
Port Lincoln,PLO
Port Lions,ORI
Port Macquarie,PQQ
Port Mathurin,RRG
Port Moresby,POM
Port of Spain,POS
Port Protection,PPV
Port Sudan,PZU
Port Vila,VLI
Port-au-Prince,PAP
Portimão,PRM
Portland,PDX
Portland,PWM
Porto,OPO
Porto Alegre,POA
Porto Seguro,BPS
Porto Velho,PVH
Portsmouth,PSM
Posadas,PSS
Postville,YSO
Powell River,YPW
Poza Rica,PAZ
Poznań,POZ
Prague,PRG
Praia,RAI
Praia da Vitória,TER
Preguiça,SNE
Prescott,PRC
Presidente Prudente,PPB
Presque Isle,PQI
"Prestwick, South Ayrshire",PIK
Preveza/Lefkada,PVK
Prince Albert,YPA
Prince George,YXS
Prince Rupert,YPR
Prishtina,PRN
Proserpine,PPP
Providence,PVD
Providencia,PVA
Providenciales,PLS
Provo,PVU
Pskov,PKV
Pu'er,SYM
Pucallpa,PCL
Pucon,ZPC
Puducherry (Pondicherry),PNY
Puebla,PBC
Pueblo,PUB
Puerto Asís,PUU
Puerto Ayacucho,PYH
Puerto Baquerizo Moreno,SCY
Puerto Barrios,PBR
Puerto Cabezas,PUZ
Puerto Carreño,PCR
Puerto Deseado,PUD
Puerto Escondido,PXM
Puerto Iguazu,IGR
Puerto Inírida,PDA
Puerto Jimenez,PJM
Puerto Leguízamo,LQM
Puerto Lempira,PEU
Puerto Limon,LIO
Puerto Madryn,PMY
Puerto Maldonado,PEM
Puerto Montt,PMC
Puerto Natales,PNT
Puerto Ordaz-Ciudad Guayana,PZO
Puerto Peñasco,PPE
Puerto Plata,POP
Puerto Princesa City,PPS
Puerto Rico/Manuripi,PUR
Puerto San José,GSJ
Puerto Santa Cruz,RZA
Puerto Suárez,PSZ
Puerto Vallarta,PVR
Puerto Villamil,IBB
Pula,PUY
Pullman/Moscow,PUW
Pune,PNQ
Punta Arenas,PUQ
Punta Cana,PUJ
Punta Gorda,PGD
Punta Gorda,PND
Putao,PBU
Putussibau-Borneo Island,PSU
Pyinmana,NYT
Pyongyang,FNJ
Qaanaaq,NAQ
Qaasuitsup,AOQ
Qaisumah,AQI
Qamishly,KAC
Qaqortoq,JJU
Qasigiannguit,JCH
Qeqertaq,QQT
Qeqertarsuaq Airport,JGO
Qian Gorlos Mongol Autonomous County,YSQ
Qianjiang,JIQ
Qiemo,IQM
Qikiqtarjuaq,YVM
Qilian,HBQ
Qingyang,IQN
Qinhuangdao,BPE
Qionghai,BAR
Qiqihar,NDG
Quanzhou,JJN
Quaqtaq,YQC
Quebec,YQB
Queenstown,ZQN
Quelimane,UEL
Quepos,XQP
Querétaro,QRO
Quesnel,YQZ
Quetta,UET
Quezaltenango,AAZ
Quibdó,UIB
Quimper/Pluguffan,UIP
Quincy,UIN
Quinhagak,KWN
Quito,UIO
Quy Nohn,UIH
Quzhou,JUZ
Rabat,RBA
Rabil,BVC
Rach Gia,VKG
Råda,HFS
Radom,RDO
Rafha,RAH
Rafsanjan,RJN
Rahim Yar Khan,RYK
Rainbow Lake,YOP
Raipur,RPR
Raitahiti,KKR
Rajahmundry,RJA
Rajkot,RAJ
Rajshahi,RJH
Raleigh/Durham,RDU
Ramata,RBV
Rampart,RMP
Ramsar,RZR
Ranai-Natuna Besar Island,NTX
Ranchi,IXR
Rankin Inlet,YRT
Ranón,OVD
Rapid City,RAP
Ras Al Khaimah,RKT
Rasht,RAS
Rawalakot,RAZ
Rawson,REL
Rayong,UTP
Reading,RDG
Recife,REC
Red Lake,YRL
Redcliffe,RCL
Redding,RDD
Redmond,RDM
Reggio Calabria,REG
Regina,YQR
Rennell Island,RNL
Rennes/Saint-Jacques,RNS
Reno,RNO
Repulse Bay,YUT
Resistencia,RES
Resolute Bay,YRB
Reus,REU
Reyes,REY
Reykjavik,RKV
Reykjavík,KEF
Reynosa,REX
Rhinelander,RHI
Ribeirão Preto,RAO
Riberalta,RIB
Richards Bay,RCB
Richmond,RIC
Riga,RIX
Rigolet,YRG
Rijeka,RJK
Rimatara Island,RMT
Rimini,RMI
Rio Branco,RBR
Rio De Janeiro,GIG
Rio De Janeiro,SDU
Rio Gallegos,RGL
Río Hato,RIH
Rio Turbio,RYO
Riohacha,RCH
Rishiri,RIS
Rivne,RWN
Riyadh,RUH
Riyan,RIY
Rizhao,RIZ
Road Town,EIS
Roanoke,ROA
Roatán,RTB
Roberval,YRJ
Rochester,ROC
Rochester,RST
Rock Springs,RKS
Rockhampton,ROK
Rodes Island,RHO
Rodez/Marcillac,RDZ
Roma,RMA
Rome,CIA
Rome,FCO
Rondonópolis,ROO
Rongelap Island,RNP
Rønne,RNN
Ronneby,RNB
Røros,RRS
Rørvik,RVK
Rosario,ROS
Rostock,RLG
Rostov-on-Don,ROV
Roswell,ROW
Rota Island,ROP
Rotorua,ROT
Rotterdam,RTM
Rotuma,RTA
Rouen/Vallée de Seine,URO
Round Lake,ZRJ
Rouyn-Noranda,YUY
Rovaniemi,RVN
Roxana,TTQ
Roxas City,RXS
Rukumkot,RUK
Rumjatar,RUM
Rundu,NDU
Ruoqiang Town,RQA
Rutland,RUT
Rybinsk,RYB
Rzeszów,RZE
Saarbrücken,SCN
Saba,SAB
Sabetta,SBT
Sabha,SEB
Sabzevar,AFZ
Sacheon,HIN
Sachigo Lake,ZPB
Sachs Harbour,YSY
Sacramento,MHR
Sacramento,SMF
Sado,SDS
Saga,HSG
Saginaw,MBS
Saibai Island,SBR
Saidpur,SPD
Saidu Sharif,SDT
Saint Anne,ACI
Saint Cloud,STC
Saint George's,GND
Saint Helier,JER
Saint John,YSJ
Saint Louis,XLS
Saint Martin,SXM
Saint Peter Port,GCI
Saint-Étienne-de-Saint-Geoirs,GNB
Saint-Étienne/Bouthéon,EBU
Saint-Laurent-du-Maroni,LDX
Saint-Pierre,FSP
Sainyabuli,ZBY
Salalah,SLL
Salamanca,SLM
Salekhard,SLY
Sälen / Trysil,SCR
Salina,SLN
Salina Cruz,SCX
Salisbury,SBY
Salluit,YZG
Salt Cay,SLX
Salt Lake City,SLC
Salt Spring Island,YGG
Salta,SLA
Saltillo,SLW
Salvador,SSA
Salzburg,SZG
Samana,AZS
Samara,KUF
Samarinda,AAP
Samarkand,SKD
Sambava,SVB
Samjiyŏn,YJS
Samos Island,SMI
Sampit-Borneo Island,SMQ
Samsun,SZF
San Andrés,ADZ
San Angelo,SJT
San Antonio,SAT
San Antonio de Palé,NBN
San Antonio Oeste,OES
San Benito,FRS
San Borja,SRJ
San Carlos de Bariloche,BRC
San Diego,SAN
San Francisco,SFO
San Jose,SJC
San Jose,SJI
San Jose,SYQ
San José (Alajuela),SJO
San José del Cabo,SJD
San José Del Guaviare,SJE
San Juan,SIG
San Juan,SJU
San Juan,UAQ
San Juan,UGI
San Julian,ULA
San Luis,LUQ
San Luis Obispo,SBP
San Luis Potosí,SLP
San Miguel de Tucumán,TUC
San Pedro,SPR
San Pedro Sula,SAP
San Rafael,AFA
San Salvador,ZSA
San Salvador (San Luis Talpa),SAL
San Salvador de Jujuy,JUJ
San Vicente,SWL
San Vicente Del Caguán,SVI
Sana'a,SAH
Sandakan,SDK
Sandane,SDN
Sanday,NDY
Sandspit,YZP
Sandy Lake,ZSJ
Sango-Ternate Island,TTE
Sanikiluaq,YSK
Sanirajak,YUX
Şanlıurfa,GNY
Şanlıurfa,SFQ
Sanming,SQJ
Santa Ana,SNA
Santa Ana Island,NNB
Santa Barbara,SBA
Santa Cruz,SRZ
Santa Cruz,VVI
Santa Cruz da Graciosa,GRW
Santa Cruz das Flores,FLW
Santa Cruz/Graciosa Bay/Luova,SCZ
Santa Fe,SFN
Santa Isabel Do Rio Negro,IRZ
Santa Maria,RIA
Santa Maria,SMX
Santa Marta,SMR
Santa Rosa,ETR
Santa Rosa,RSA
Santa Rosa,SRA
Santa Rosa,STS
Santa Teresita,SST
Santander,SDR
Santarém,STM
Santiago,SCL
Santiago,SCU
Santiago,STI
Santiago de Compostela,SCQ
Santiago de Tolú,TLU
Santiago del Estero,SDE
Santo Ângelo,GEL
Santo Domingo,SDQ
Santo Domingo,STD
Santorini Island,JTR
Sanya (Tianya),SYX
São Filipe,SFL
São Gabriel Da Cachoeira,SJL
São José Do Rio Preto,SJP
São José Dos Campos,SJK
São Luís,SLZ
São Paulo,CGH
São Paulo,GRU
São Pedro,VXE
São Tomé,TMS
São Tomé & Príncipe,PCP
Sapporo,CTS
Sapporo,OKD
Sarajevo,SJJ
Saranac Lake,SLK
Saransk,SKX
Sarasota/Bradenton,SRQ
Saratov,GSV
Saravena,RVE
Sarh,SRH
Sari,SRY
Sármellék,SOB
Sarnia,YZR
Sartaneja,SJX
Sasereme,TDS
Saskatoon,YXE
Saskylakh,SYS
Satar Tacik-Flores Island,RTG
Satu Mare,SUJ
Saül,XAU
Sault Ste Marie,CIU
Sault Ste Marie,YAM
Saumlaki-Yamdena Island,SXK
Savannah,SAV
Savissivik,SVR
Savonlinna,SVL
Savoy,CMI
Savusavu,SVU
Sawan Gas Field,RZS
Scarborough,TAB
Schefferville,YKL
Scottsbluff,BFF
Seattle,BFI
Seattle,LKE
Seattle,SEA
Sehwan Sharif,SYW
Seinäjoki / Ilmajoki,SJY
Seiyun,GXF
Sekondi-Takoradi,TKD
Selawik,WLK
Selebi Phikwe,PKW
Seletar,XSP
Semarang-Java Island,SRG
Semera,SZE
Semey,PLX
Semnan,SNX
Senggeh,SEH
Seoul,GMP
Seoul,ICN
Sept-Îles,YZV
Seruyan,KLP
Sétif,QSF
Sévaré,MZI
Sevilla,SVQ
Seyhan,ADA
Sfax,SFA
Shache,QSZ
Shakawe,SWX
Shakhtyorsk,EKS
Shamattawa,ZTM
Shang-I,KNH
Shanghai (Minhang),SHA
Shanghai (Pudong),PVG
Shangrao,SQD
Shangri-La,DIG
Shannon,SNN
Shaoyang,WGN
Sharjah,SHJ
Sharm el-Sheikh,SSH
Sharurah,SHW
Shennongjia,HPG
Shenzhen (Bao'an),SZX
Sheridan,SHR
Shihezi,SHF
Shijiazhuang,SJW
Shilavo,HIL
Shillong,SHL
Shinyanga,SHY
Shirahama,SHM
Shiraz,SYZ
Shire Indasilase,SHC
Shiyan,WDS
Shonai,SYO
Shreveport,SHV
"Shuangta, Chaoyang",CHG
Shungnak,SHG
Shymkent,CIT
Sialkot,SKT
Sibiu,SBZ
Sibolga (Pinangsori),FLZ
Siborong-Borong,DTB
Sibu,SBW
Siddharthanagar (Bhairahawa),BWA
Siem Reap,REP
Sihanoukville,KOS
Silao,BJX
Silchar,IXS
Siliguri,IXB
Silver City,SVC
Simara,SIF
Simferopol,SIP
Simikot,IMK
Sindal,CNL
Singapore,SIN
Sinop,NOP
Sint Eustatius,EUX
Sintang-Borneo Island,SQG
Siorapaluk,SRK
Sioux City,SUX
Sioux Falls,FSD
Sioux Lookout,YXL
Sirt,SRX
Sisimiut,JHS
Sitka,SIT
Sittwe,AKY
Sivas,VAS
Şırnak,NKT
Skagway,SGY
Skardu,KDU
Skellefteå,SFT
Skiathos,JSI
Skiros Island,SKU
Skopje,SKP
Sliač,SLD
Smara,SMW
Smithers,YYD
Soalala,DWB
"Soc Son, Hanoi",HAN
Sochi,AER
Socotra Islands,SCT
Sofia,SOF
Sogndal,SOG
Sohar,OHS
Sokoto,SKO
Sola,SLH
Solovetsky Islands,CSH
Solwesi,SLI
Sønderborg,SGD
Sŏndŏng-ni,DSO
Sørkjosen,SOJ
Sorocaba,SOD
Sorong-Papua Island,SOQ
Soroti,SRT
Sorriso,SMT
Souda,CHQ
South Bend,SBN
South Bimini,BIM
South Burlington,BTV
South Caicos,XSC
Southampton,SOU
Sovetskiy,OVS
Soyo,SZA
Spanish Town,VIJ
Split,SPU
Spokane,GEG
Spring Point,AXP
Springfield,SGF
Springfield,SPI
Srednekolymsk,SEK
Sri Jayawardenepura Kotte,DWO
Srinagar,SXR
St Augustine,UST
St Denis,RUN
St George,SGU
St George,STG
St Louis,STL
St Michael,SMK
St Paul Island,SNP
St Petersburg-Clearwater,PIE
St Pierre,ZSE
St-François,SFC
St. Anthony,YAY
St. John's,ANU
St. John's,YYT
St. Lewis,YFX
St. Mary's,ISC
St. Petersburg,LED
St. Theresa Point,YST
"Sta Cruz de la Palma, La Palma Island",SPC
Stagen - Laut Island,KBU
Stanley,PSY
State College,SCE
Stavanger,SVG
Stavropol,STW
Stella Maris,SML
Stephenville,YJT
Stirling Island,MNY
Stockholm,ARN
Stockholm,BMA
Stockholm,NYO
Stockholm / Västerås,VST
Stony Rapids,YSF
"Stornoway, Western Isles",SYY
Storuman,SQO
Strasbourg,SXB
Stronsay,SOY
Stuttgart,STR
Suavanao,VAO
Subang,SZB
Suceava,SCV
Sudbury,YSB
Sue Islet,SYU
Sugapa-Papua Island,UGU
Suhaj,HMB
Sukagawa,FKS
Sukarata(Solo)-Java Island,SOC
Sukhumi,SUI
Suki,SKC
Sulaymaniyah,ISU
Sumbawa Island,SWQ
Summer Beaver,SUR
Sundsvall/ Härnösand,SDL
Sungai Penuh,KRC
Suntar,SUY
Sunyani,NYI
Sunzha,IGT
Surabaya,SUB
Surat Thani,URT
Surgut,SGC
Surigao City,SUG
Surin,PXR
Surkhet,SKH
Sveg,EVG
Svolvær,SVJ
Swakopmund,SWP
Sydney,LBH
Sydney,SYD
Sydney,YQY
Syktyvkar,SCW
Sylhet,ZYL
Syracuse,SYR
Syros Island,JSY
Ta'izz,TAI
Ta’if,TIF
Taba,TCP
Tabarka,TBJ
Tabatinga,TBT
Tablas Island,TBH
Tabora,TBO
Tabriz,TBZ
Tabubil,TBG
Tabuk,TUU
Tachileik,THL
Tachina,ESM
Tacloban City,TAC
Tacna,TCQ
Tadoule Lake,XTL
Taganrog,TGK
Tahuna-Sangihe Island,NAH
Taichung (Qingshui),RMQ
Tainan (Rende),TNN
Taipei,TPE
Taipei City,TSA
Taitung City,TTT
Taiyuan,TYN
Takamatsu,TAK
Takengon,TXE
Takotna,TCT
Talang Gudang-Sumatra Island,PDO
Talara,TYL
Tallahassee,TLH
Tallinn,TLL
Taloyoak,YYH
Tam Nghĩa,VCL
Tamale,TML
Tamanrasset,TMR
Tambacounda,TUD
Tambohorano,WTA
Tamchy,IKU
Tame,TME
Tampa,TPA
Tampere / Pirkkala,TMP
Tampico,TAM
Tamworth,TMW
Tan Tan,TTA
Tandag,TDG
Tanegashima,TNE
Tanga,TGT
Tangará Da Serra,TGQ
Tangbu,WUZ
Tangier,TNG
Tangshan,TVS
Tanjung Pandan,TJQ
Tanjung Pinang-Bintan Island,TNJ
Tanjung Redeb - Borneo Island,BEJ
Tanjung Selor-Borneo Island,TJS
Tanta-Tabalong-Borneo Island,TJG
Tapachula,TAP
Tapini,TPI
Taplejung,TPJ
Tarakan Island,TRK
Tarama,TRA
Tarapacá,TCD
Tarapoto,TPP
Tarawa,TRW
Taraz,DMB
Tarbes/Lourdes/Pyrénées,LDE
Taree,TRO
Târgu Mureş,TGM
Tari,TIZ
Tarija,TJA
Tartagal,TTG
Tartu,TAY
Tashigang,YON
Tashkent,TAS
Tasiilaq,AGM
Tatitlek,TEK
Taupo,TUO
Tauranga,TRG
Tawau,TWU
Taytay,RZP
Tbilisi,TBS
Tchibanga,TCH
Te One,CHT
Tébessi,TEE
Tefé,TFF
Tegucigalpa,TGU
Tegucigalpa,XPL
Tehran,IKA
Tehran,THR
Teixeira De Freitas,TXF
Tel Aviv,TLV
Teller,TLA
Temixco,CVJ
Temuco,ZCO
Tenerife,TFN
Tenerife,TFS
Tengchong,TCZ
Tennant Creek,TCA
Tepic,TPQ
Teresina,THE
Termas de Río Hondo,RHD
Termez,TMJ
Terrace,YXT
Tete,TET
Tête-à-la-Baleine,ZTB
Texada,YGB
Texarkana,TXK
Thandwe,SNW
The Pas,YQD
The Valley,AXA
Thessaloniki,SKG
Thimarafushi,TMF
Thiruvananthapuram,TRV
Thompson,YTH
Thule,THU
Thunder Bay,YQT
Tiakur,JIO
Tianjin,TSN
Tianshui,THQ
Tiga,TGJ
Tijuana,TIJ
Tiksi,IKS
Timbuktu,TOM
Timika-Papua Island,TIM
Timimoun,TMX
Timişoara,TSR
Timmins,YTS
Tindouf,TIN
Tiniteqilaaq,TQI
Tinson Pen,KTP
Tippi,TIE
Tirana,TIA
Tiruchirappalli,TRZ
Tirupati,TIR
Tissamaharama,TTW
Tivat,TIV
Tlemcen,TLM
Toamasina,TMM
Tobruk,TOB
Tocumen,PTY
Tofino,YAZ
Tok,TKJ
Tokat,TJK
Tokoname,NGO
Tokushima,TKS
Tokyo,HND
Tokyo,NRT
Tola,ECI
Tôlanaro,FTU
Toledo,TOL
Toledo,TOW
Toliara,TLE
Toluca,TLC
Tomanggong,TMG
Tomsk,TOF
Tonghua,TNH
Tongliao,TGO
Tongoa Island,TGH
Toowoomba,WTB
Toraja,TRT
Torino,TRN
Toronto,YTZ
Toronto,YYZ
Torp,TRF
Torreón,TRC
Torsby,TYF
Tottori,TTJ
Touggourt,TGR
Touho,TOU
Toulon/Hyères/Le Palyvestre,TLN
Toulouse/Blagnac,TLS
Tours/Val de Loire (Loire Valley),TUF
Townsville,TSV
Toyama,TOY
Tozeur,TOE
Trabzon,TZX
Trang,TST
Trapani (TP),TPS
Traverse City,TVC
Treasure Cay,TCB
Tremiti Islands,TQR
Trenton,TTN
Três Lagoas,TJL
Treviso,TSF
Trieste,TRS
Trincomalee,TRR
Trinidad,TND
Tripoli,MJI
Tripoli,TIP
Trollhättan,THN
Tromsø,TOS
Trondheim,TRD
Trujillo,TRU
Tsaratanana,TTS
Tshikapa,TSH
Tsiroanomandidy,WTS
Tsushima,TSJ
Tucson,TUS
Tucuruí,TUR
Tufi,TFI
Tuguegarao City,TUG
Tuktoyaktuk,YUB
Tulcán,TUA
Tuli Lodge,TLD
Tulita,ZFN
Tulsa,TUL
Tumaco,TCO
Tumbang Samba-Borneo Island,TBM
Tumbes,TBP
Tumling Tar,TMI
Tumxuk,TWC
Tunis,TUN
Tupelo,TUP
Turaif,TUI
Turbat,TUK
Türkmenabat,CRZ
Turkmenbashi,KRW
Turku,TKU
Turukhansk,THX
Tuxtla Gutiérrez,TGZ
Tuy Hoa,TBB
Tuzla,TZL
Twin Falls,TWF
Tyler,TYR
Tyumen,TJM
Ua Huka,UAH
Ua Pou,UAP
Ubari,QUB
Ube,UBJ
Uberaba,UBA
Uberlândia,UDI
Ubon Ratchathani,UBP
Udaipur,UDR
Udon Thani,UTH
Ufa,UFA
Ujae Atoll,UJE
Ujung Pandang-Celebes Island,UPG
Ukhta,UCT
Ukkusissat,JUK
Ulaanbaatar (Sergelen),UBN
Ulaangom,ULO
Ulan Ude,UUD
Ulanhot,HLH
Ulanqab,UCB
Uliastai,ULZ
Ulsan,USN
Ulukhaktok,YHI
Ulyanovsk,ULV
Umeå,UME
Umiujaq,YUD
Unalaska,DUT
Union Island,UNI
Upernavik,JUV
Upington,UTN
Uralsk,URA
Uranium City,YBE
Uray,URJ
Urgench,UGC
Urmia,OMH
Uruapan,UPN
Uruguaiana,URG
Ürümqi,URC
Urzhar,UZR
Uşak,USQ
Ushuaia,USH
Usinsk,USK
Ust-Kamenogorsk (Oskemen),UKK
Ust-Kut,UKX
Ust-Kuyga,UKG
Ust-Maya,UMS
Ust-Nera,USR
Ustupo,OGM
Utila Island,UII
Utirik Island,UTK
Utqiaġvik,BRW
Uturoa,RFP
Uummannaq,JQA
Uummannaq,UMD
Uyo,QUO
Uzhhorod,UDJ
Vaasa,VAA
Vadodara,BDQ
Vadsø,VDS
Værøy,VRY
Vagaikulam,TCR
Vágar,FAE
Val-d'Or,YVO
Valdivia,ZAL
Valdosta,VLD
Valença,VAL
Valencia,VLC
Valencia,VLN
Valera,VLV
Valladolid,VLL
Valledupar,VUP
Valletta,MLA
Valparaiso,VPS
Van,VAN
Van Don,VDO
Vancouver,CXH
Vancouver,YVR
Vanimo,VAI
Vanua Balavu,VBV
Varadero,VRA
Varanasi,VNS
Vardø,VAW
Varkaus / Joroinen,VRK
Varna,VAR
Vasco da Gama,GOI
Vatry,XCR
Vava'u Island,VAV
Växjö,VXO
Velas,SJZ
Venice,VCE
Ventspils,VNT
Veracruz,VER
Verkhnevilyuisk,VHV
Victoria,VCT
Victoria,YWH
Victoria,YYJ
Victoria Falls,VFA
Viedma / Carmen de Patagones,VDM
Vienna,VIE
Vientiane,VTE
Vieux Fort,UVF
Vigo,VGO
Vila Baleira,PXO
Vila do Maio,MMO
Vila do Porto,SMA
Vila Real,VRL
Vilanculo,VNX
Vilhelmina,VHM
Vilhena,BVH
Villa Las Estrellas,TNM
Villafranca di Verona,VRN
Villahermosa,VSA
Villavicencio,VVC
Vilnius,VNO
Vilyuisk,VYI
Vinh,VII
Virac,VRC
Visakhapatnam,VTZ
Visby,VBY
Viseu,VSE
Vitória,VIX
Vitória da Conquista,VDC
Vohemar,VOH
Vohilava,SMS
Volgograd,VOG
Vopnafjörður,VPN
Vorkuta,VKT
Voronezh,VOZ
Vunisea,KDV
Waala,BMY
Wabush,YWK
Waco,ACT
Wadi Al Dawasir,WAE
Wadi Halfa,WHF
Wadomari,OKE
Wageningen,AGI
Wagga Wagga,WGA
Waikabubak-Sumba Island,TMC
Waimea (Kamuela),MUE
Waingapu-Sumba Island,WGP
Waisai,RJM
Wajima,NTQ
Wajir,WJR
Wake Island,AWK
Wakkanai,WKJ
Walaha,WLH
Wales,WAA
Walla Walla,ALW
Wallis Island,WLS
Walvis Bay,WVB
"Wamena, Jayawijaya Regency, Papua Province",WMX
Wanaka,WKA
Wanganui,WAG
Wangi-wangi Island,WNI
Wanxian,WXN
Wapenamanda,WBM
Warri,QRW
Warsaw,WAW
Warsaw,WMI
Washington,DCA
Washington,IAD
Waskaganish,YKQ
Waterford,WAT
Waterloo,ALO
Watertown,ART
Watertown,ATY
Wau,WUU
Webequie,YWP
Weerawila,WRZ
Weeze,NRN
Weifang,WEF
Weihai,WEH
Weipa,WEI
Wekweètì,YFJ
Wellington,WLG
Wemindji,YNC
Weno Island,TKK
Wenshan,WNH
Wenzhou,WNZ
West Island,CCK
West Palm Beach,PBI
West Point,KWP
Westerland,GWT
Westerly,WST
Westray,WRY
Wewak,WWK
Weyers Cave,SHD
Whale Cove,YXN
Whatì,YLE
Whistler,YWS
White Plains,HPN
Whitehorse,YXY
Whyalla,WYA
Wichita,ICT
Wichita Falls,SPS
Wick,WIC
Wilkes-Barre/Scranton,AVP
Willemstad,CUR
Williams Harbour,YWM
Williams Lake,YWL
Williamsport,IPT
Williamtown,NTL
Williston,XWA
Wilmington,ILG
Wilmington,ILM
Windhoek,ERS
Windhoek,WDH
Windsor,YQG
Winnipeg,YWG
Wipim,WPM
Woja,WJA
Wollaston Lake,ZWL
Wonju,WJU
Wonsan,WOS
Woomera,UMR
Worcester,ORH
Wotho Island,WTO
Wotje,WTE
Wrangell,WRG
Wrocław,WRO
Wuhai,WUA
Wuhan,WUH
Wulong,CQW
Wunnumin Lake,WNN
Wushan,WSK
Wuxi,WUX
Wuyishan,WUS
Xalapa,JAL
Xi'an,XIY
Xiahe,GXH
Xiamen,XMN
Xiangyang,XFN
Xichang,XIC
Xieng Khouang,XKH
Xigazê,RKZ
Xilinhot,XIL
Xingyi,ACX
Xining,XNN
Xinyang,XAI
Xinyuan,NLT
Xinzhou,WUT
Xuzhou,XUZ
Yakataga,CYT
Yakima,YKM
Yakutat,YAK
Yakutia,PYJ
Yakutsk,YKS
Yam Island,XMY
Yamparaez,SRE
Yan'an,ENY
Yanbu,YNB
Yancheng,YNZ
Yandina,XYA
Yangon,RGN
Yangzhou,YTY
Yanji,YNJ
Yantai,YNT
Yaoundé,NSI
Yaoundé,YAO
Yap Island,YAP
Yaren District,INU
Yasuru,KSX
Yazd,AZD
Yekaterinburg,SVX
Yellowknife,YZF
Yengema,WYE
Yeniseysk,EIE
Yeosu,RSU
Yerevan,EVN
Yeysk,EIK
Yibin,YBP
Yichang,YIH
Yichun,LDS
Yichun,YIC
Yinchuan,INC
"Yingzhou, Fuyang",FUG
Yining,YIN
Yiwu,YIW
Yogyakarta,YIA
Yogyakarta-Java Island,JOG
Yola,YOL
Yonago,YGJ
Yonaguni,OGN
Yongzhou,LLF
York Landing,ZAC
Yorke Island,OKR
Yoron,RNJ
Yoshkar-Ola,JOK
Yueyang,YYA
Yulin,UYN
Yuma,YUM
Yuncheng,YCU
Yunlong,LZO
Yurimaguas,YMS
Yuzhno-Sakhalinsk,UUS
Zacatecas,ZCL
Zachar Bay,KZB
Zagreb,ZAG
Zahedan,ZAH
Zakynthos Island,ZTH
Zamboanga City,ZAM
Zandery,PBM
Zanzibar,ZNZ
Zaporizhia,OZH
Zarafshan,AFS
Zaragoza,ZAZ
Zaysan,SZI
Zemunik (Zadar),ZAD
Zhalantun,NZL
Zhangjiajie,DYG
Zhangjiakou,ZQZ
Zhangye,YZY
Zhanjiang (Xiashan),ZHA
Zhaotong,ZAT
Zhengzhou,CGO
"Zhenxing, Dandong",DDG
Zhezkazgan,DZN
Zhigansk,ZIX
Zhongwei,ZHY
Zhoushan,HSN
Zhuhai (Jinwan),ZUH
Ziguinchor,ZIG
Zinder,ZND
Zonguldak,ONQ
Zunyi,WMT
Zunyi,ZYI
Zurich,ZRH
Zyryanka,ZKP
Þórshöfn,THO